titular,imagen,texto
Nombre 1,https://placehold.jp/100x100.png,Pequeña descripción
Nombre 2,https://placehold.jp/100x100.png,Pequeña descripción
Nombre 3,https://placehold.jp/100x100.png,Pequeña descripción
Nombre 4,https://placehold.jp/100x100.png,Pequeña descripción
Nombre 5,https://placehold.jp/100x100.png,Pequeña descripción
Nombre 6,https://placehold.jp/100x100.png,Pequeña descripción
Nombre 7,https://placehold.jp/100x100.png,Pequeña descripción
Nombre 8,https://placehold.jp/100x100.png,Pequeña descripción
Nombre 9,https://placehold.jp/100x100.png,Pequeña descripción
Nombre 10,https://placehold.jp/100x100.png,Pequeña descripción
Nombre 11,https://placehold.jp/100x100.png,Pequeña descripción
Nombre 12,https://placehold.jp/100x100.png,Pequeña descripción
Nombre 13,https://placehold.jp/100x100.png,Pequeña descripción
Nombre 14,https://placehold.jp/100x100.png,Pequeña descripción
Nombre 15,https://placehold.jp/100x100.png,Pequeña descripción
Nombre 16,https://placehold.jp/100x100.png,Pequeña descripción
Nombre 17,https://placehold.jp/100x100.png,Pequeña descripción
Nombre 18,https://placehold.jp/100x100.png,Pequeña descripción
Nombre 19,https://placehold.jp/100x100.png,Pequeña descripción
Nombre 20,https://placehold.jp/100x100.png,Pequeña descripción
Nombre 21,https://placehold.jp/100x100.png,Pequeña descripción
Nombre 22,https://placehold.jp/100x100.png,Pequeña descripción
Nombre 23,https://placehold.jp/100x100.png,Pequeña descripción
Nombre 24,https://placehold.jp/100x100.png,Pequeña descripción
Nombre 25,https://placehold.jp/100x100.png,Pequeña descripción
Nombre 26,https://placehold.jp/100x100.png,Pequeña descripción
Nombre 27,https://placehold.jp/100x100.png,Pequeña descripción
Nombre 28,https://placehold.jp/100x100.png,Pequeña descripción
Nombre 29,https://placehold.jp/100x100.png,Pequeña descripción
Nombre 30,https://placehold.jp/100x100.png,Pequeña descripción
Nombre 31,https://placehold.jp/100x100.png,Pequeña descripción
Nombre 32,https://placehold.jp/100x100.png,Pequeña descripción
Nombre 33,https://placehold.jp/100x100.png,Pequeña descripción
Nombre 34,https://placehold.jp/100x100.png,Pequeña descripción
Nombre 35,https://placehold.jp/100x100.png,Pequeña descripción
Nombre 36,https://placehold.jp/100x100.png,Pequeña descripción
Nombre 37,https://placehold.jp/100x100.png,Pequeña descripción
Nombre 38,https://placehold.jp/100x100.png,Pequeña descripción
Nombre 39,https://placehold.jp/100x100.png,Pequeña descripción
Nombre 40,https://placehold.jp/100x100.png,Pequeña descripción
Nombre 41,https://placehold.jp/100x100.png,Pequeña descripción
Nombre 42,https://placehold.jp/100x100.png,Pequeña descripción
Nombre 43,https://placehold.jp/100x100.png,Pequeña descripción
Nombre 44,https://placehold.jp/100x100.png,Pequeña descripción
Nombre 45,https://placehold.jp/100x100.png,Pequeña descripción
Nombre 46,https://placehold.jp/100x100.png,Pequeña descripción
Nombre 47,https://placehold.jp/100x100.png,Pequeña descripción
Nombre 48,https://placehold.jp/100x100.png,Pequeña descripción
Nombre 49,https://placehold.jp/100x100.png,Pequeña descripción
Nombre 50,https://placehold.jp/100x100.png,Pequeña descripción
Nombre 51,https://placehold.jp/100x100.png,Pequeña descripción
Nombre 52,https://placehold.jp/100x100.png,Pequeña descripción
Nombre 53,https://placehold.jp/100x100.png,Pequeña descripción
Nombre 54,https://placehold.jp/100x100.png,Pequeña descripción
Nombre 55,https://placehold.jp/100x100.png,Pequeña descripción
Nombre 56,https://placehold.jp/100x100.png,Pequeña descripción
Nombre 57,https://placehold.jp/100x100.png,Pequeña descripción
Nombre 58,https://placehold.jp/100x100.png,Pequeña descripción
Nombre 59,https://placehold.jp/100x100.png,Pequeña descripción
Nombre 60,https://placehold.jp/100x100.png,Pequeña descripción
Nombre 61,https://placehold.jp/100x100.png,Pequeña descripción
Nombre 62,https://placehold.jp/100x100.png,Pequeña descripción
Nombre 63,https://placehold.jp/100x100.png,Pequeña descripción
Nombre 64,https://placehold.jp/100x100.png,Pequeña descripción
Nombre 65,https://placehold.jp/100x100.png,Pequeña descripción
Nombre 66,https://placehold.jp/100x100.png,Pequeña descripción
Nombre 67,https://placehold.jp/100x100.png,Pequeña descripción
Nombre 68,https://placehold.jp/100x100.png,Pequeña descripción
Nombre 69,https://placehold.jp/100x100.png,Pequeña descripción
Nombre 70,https://placehold.jp/100x100.png,Pequeña descripción
Nombre 71,https://placehold.jp/100x100.png,Pequeña descripción
Nombre 72,https://placehold.jp/100x100.png,Pequeña descripción
Nombre 73,https://placehold.jp/100x100.png,Pequeña descripción
Nombre 74,https://placehold.jp/100x100.png,Pequeña descripción
Nombre 75,https://placehold.jp/100x100.png,Pequeña descripción
Nombre 76,https://placehold.jp/100x100.png,Pequeña descripción
Nombre 77,https://placehold.jp/100x100.png,Pequeña descripción
Nombre 78,https://placehold.jp/100x100.png,Pequeña descripción
Nombre 79,https://placehold.jp/100x100.png,Pequeña descripción
Nombre 80,https://placehold.jp/100x100.png,Pequeña descripción
Nombre 81,https://placehold.jp/100x100.png,Pequeña descripción
Nombre 82,https://placehold.jp/100x100.png,Pequeña descripción
Nombre 83,https://placehold.jp/100x100.png,Pequeña descripción
Nombre 84,https://placehold.jp/100x100.png,Pequeña descripción
Nombre 85,https://placehold.jp/100x100.png,Pequeña descripción
Nombre 86,https://placehold.jp/100x100.png,Pequeña descripción
Nombre 87,https://placehold.jp/100x100.png,Pequeña descripción
Nombre 88,https://placehold.jp/100x100.png,Pequeña descripción
Nombre 89,https://placehold.jp/100x100.png,Pequeña descripción
Nombre 90,https://placehold.jp/100x100.png,Pequeña descripción
Nombre 91,https://placehold.jp/100x100.png,Pequeña descripción
Nombre 92,https://placehold.jp/100x100.png,Pequeña descripción
Nombre 93,https://placehold.jp/100x100.png,Pequeña descripción
Nombre 94,https://placehold.jp/100x100.png,Pequeña descripción
Nombre 95,https://placehold.jp/100x100.png,Pequeña descripción
Nombre 96,https://placehold.jp/100x100.png,Pequeña descripción
Nombre 97,https://placehold.jp/100x100.png,Pequeña descripción
Nombre 98,https://placehold.jp/100x100.png,Pequeña descripción
Nombre 99,https://placehold.jp/100x100.png,Pequeña descripción
Nombre 100,https://placehold.jp/100x100.png,Pequeña descripción
Nombre 101,https://placehold.jp/100x100.png,Pequeña descripción
Nombre 102,https://placehold.jp/100x100.png,Pequeña descripción
Nombre 103,https://placehold.jp/100x100.png,Pequeña descripción
Nombre 104,https://placehold.jp/100x100.png,Pequeña descripción
Nombre 105,https://placehold.jp/100x100.png,Pequeña descripción
Nombre 106,https://placehold.jp/100x100.png,Pequeña descripción
Nombre 107,https://placehold.jp/100x100.png,Pequeña descripción
Nombre 108,https://placehold.jp/100x100.png,Pequeña descripción
Nombre 109,https://placehold.jp/100x100.png,Pequeña descripción
Nombre 110,https://placehold.jp/100x100.png,Pequeña descripción
Nombre 111,https://placehold.jp/100x100.png,Pequeña descripción
Nombre 112,https://placehold.jp/100x100.png,Pequeña descripción
Nombre 113,https://placehold.jp/100x100.png,Pequeña descripción
Nombre 114,https://placehold.jp/100x100.png,Pequeña descripción
Nombre 115,https://placehold.jp/100x100.png,Pequeña descripción
Nombre 116,https://placehold.jp/100x100.png,Pequeña descripción
Nombre 117,https://placehold.jp/100x100.png,Pequeña descripción
Nombre 118,https://placehold.jp/100x100.png,Pequeña descripción
Nombre 119,https://placehold.jp/100x100.png,Pequeña descripción
Nombre 120,https://placehold.jp/100x100.png,Pequeña descripción
Nombre 121,https://placehold.jp/100x100.png,Pequeña descripción
Nombre 122,https://placehold.jp/100x100.png,Pequeña descripción
Nombre 123,https://placehold.jp/100x100.png,Pequeña descripción
Nombre 124,https://placehold.jp/100x100.png,Pequeña descripción
Nombre 125,https://placehold.jp/100x100.png,Pequeña descripción
Nombre 126,https://placehold.jp/100x100.png,Pequeña descripción
Nombre 127,https://placehold.jp/100x100.png,Pequeña descripción
Nombre 128,https://placehold.jp/100x100.png,Pequeña descripción
Nombre 129,https://placehold.jp/100x100.png,Pequeña descripción
Nombre 130,https://placehold.jp/100x100.png,Pequeña descripción
Nombre 131,https://placehold.jp/100x100.png,Pequeña descripción
Nombre 132,https://placehold.jp/100x100.png,Pequeña descripción
Nombre 133,https://placehold.jp/100x100.png,Pequeña descripción
Nombre 134,https://placehold.jp/100x100.png,Pequeña descripción
Nombre 135,https://placehold.jp/100x100.png,Pequeña descripción
Nombre 136,https://placehold.jp/100x100.png,Pequeña descripción
Nombre 137,https://placehold.jp/100x100.png,Pequeña descripción
Nombre 138,https://placehold.jp/100x100.png,Pequeña descripción
Nombre 139,https://placehold.jp/100x100.png,Pequeña descripción
Nombre 140,https://placehold.jp/100x100.png,Pequeña descripción
Nombre 141,https://placehold.jp/100x100.png,Pequeña descripción
Nombre 142,https://placehold.jp/100x100.png,Pequeña descripción
Nombre 143,https://placehold.jp/100x100.png,Pequeña descripción
Nombre 144,https://placehold.jp/100x100.png,Pequeña descripción
Nombre 145,https://placehold.jp/100x100.png,Pequeña descripción
Nombre 146,https://placehold.jp/100x100.png,Pequeña descripción
Nombre 147,https://placehold.jp/100x100.png,Pequeña descripción
Nombre 148,https://placehold.jp/100x100.png,Pequeña descripción
Nombre 149,https://placehold.jp/100x100.png,Pequeña descripción
Nombre 150,https://placehold.jp/100x100.png,Pequeña descripción
Nombre 151,https://placehold.jp/100x100.png,Pequeña descripción
Nombre 152,https://placehold.jp/100x100.png,Pequeña descripción
Nombre 153,https://placehold.jp/100x100.png,Pequeña descripción
Nombre 154,https://placehold.jp/100x100.png,Pequeña descripción
Nombre 155,https://placehold.jp/100x100.png,Pequeña descripción
Nombre 156,https://placehold.jp/100x100.png,Pequeña descripción
Nombre 157,https://placehold.jp/100x100.png,Pequeña descripción
Nombre 158,https://placehold.jp/100x100.png,Pequeña descripción
Nombre 159,https://placehold.jp/100x100.png,Pequeña descripción
Nombre 160,https://placehold.jp/100x100.png,Pequeña descripción
Nombre 161,https://placehold.jp/100x100.png,Pequeña descripción
Nombre 162,https://placehold.jp/100x100.png,Pequeña descripción
Nombre 163,https://placehold.jp/100x100.png,Pequeña descripción
Nombre 164,https://placehold.jp/100x100.png,Pequeña descripción
Nombre 165,https://placehold.jp/100x100.png,Pequeña descripción
Nombre 166,https://placehold.jp/100x100.png,Pequeña descripción
Nombre 167,https://placehold.jp/100x100.png,Pequeña descripción
Nombre 168,https://placehold.jp/100x100.png,Pequeña descripción
Nombre 169,https://placehold.jp/100x100.png,Pequeña descripción
Nombre 170,https://placehold.jp/100x100.png,Pequeña descripción
Nombre 171,https://placehold.jp/100x100.png,Pequeña descripción
Nombre 172,https://placehold.jp/100x100.png,Pequeña descripción
Nombre 173,https://placehold.jp/100x100.png,Pequeña descripción
Nombre 174,https://placehold.jp/100x100.png,Pequeña descripción
Nombre 175,https://placehold.jp/100x100.png,Pequeña descripción
Nombre 176,https://placehold.jp/100x100.png,Pequeña descripción
Nombre 177,https://placehold.jp/100x100.png,Pequeña descripción
Nombre 178,https://placehold.jp/100x100.png,Pequeña descripción
Nombre 179,https://placehold.jp/100x100.png,Pequeña descripción
Nombre 180,https://placehold.jp/100x100.png,Pequeña descripción
Nombre 181,https://placehold.jp/100x100.png,Pequeña descripción
Nombre 182,https://placehold.jp/100x100.png,Pequeña descripción
Nombre 183,https://placehold.jp/100x100.png,Pequeña descripción
Nombre 184,https://placehold.jp/100x100.png,Pequeña descripción
Nombre 185,https://placehold.jp/100x100.png,Pequeña descripción
Nombre 186,https://placehold.jp/100x100.png,Pequeña descripción
Nombre 187,https://placehold.jp/100x100.png,Pequeña descripción
Nombre 188,https://placehold.jp/100x100.png,Pequeña descripción
Nombre 189,https://placehold.jp/100x100.png,Pequeña descripción
Nombre 190,https://placehold.jp/100x100.png,Pequeña descripción
Nombre 191,https://placehold.jp/100x100.png,Pequeña descripción
Nombre 192,https://placehold.jp/100x100.png,Pequeña descripción
Nombre 193,https://placehold.jp/100x100.png,Pequeña descripción
Nombre 194,https://placehold.jp/100x100.png,Pequeña descripción
Nombre 195,https://placehold.jp/100x100.png,Pequeña descripción
Nombre 196,https://placehold.jp/100x100.png,Pequeña descripción
Nombre 197,https://placehold.jp/100x100.png,Pequeña descripción
Nombre 198,https://placehold.jp/100x100.png,Pequeña descripción
Nombre 199,https://placehold.jp/100x100.png,Pequeña descripción
Nombre 200,https://placehold.jp/100x100.png,Pequeña descripción
Nombre 201,https://placehold.jp/100x100.png,Pequeña descripción
Nombre 202,https://placehold.jp/100x100.png,Pequeña descripción
Nombre 203,https://placehold.jp/100x100.png,Pequeña descripción
Nombre 204,https://placehold.jp/100x100.png,Pequeña descripción
Nombre 205,https://placehold.jp/100x100.png,Pequeña descripción
Nombre 206,https://placehold.jp/100x100.png,Pequeña descripción
Nombre 207,https://placehold.jp/100x100.png,Pequeña descripción
Nombre 208,https://placehold.jp/100x100.png,Pequeña descripción
Nombre 209,https://placehold.jp/100x100.png,Pequeña descripción
Nombre 210,https://placehold.jp/100x100.png,Pequeña descripción
Nombre 211,https://placehold.jp/100x100.png,Pequeña descripción
Nombre 212,https://placehold.jp/100x100.png,Pequeña descripción
Nombre 213,https://placehold.jp/100x100.png,Pequeña descripción
Nombre 214,https://placehold.jp/100x100.png,Pequeña descripción
Nombre 215,https://placehold.jp/100x100.png,Pequeña descripción
Nombre 216,https://placehold.jp/100x100.png,Pequeña descripción
Nombre 217,https://placehold.jp/100x100.png,Pequeña descripción
Nombre 218,https://placehold.jp/100x100.png,Pequeña descripción
Nombre 219,https://placehold.jp/100x100.png,Pequeña descripción
Nombre 220,https://placehold.jp/100x100.png,Pequeña descripción
Nombre 221,https://placehold.jp/100x100.png,Pequeña descripción